{
  "context_length": 5,
  "embedding_dim": 32,
  "activation": "tanh",
  "vocab_size": 100000,
  "hidden_size": 1024,
  "epochs": 200,
  "batch_size": 512,
  "learning_rate": 0.001,
  "final_val_loss": 22.146871336354504,
  "final_val_accuracy": 15.245379390237481
}