{
  "context_length": 3,
  "embedding_dim": 32,
  "activation": "tanh",
  "vocab_size": 100000,
  "hidden_size": 1024,
  "epochs": 200,
  "batch_size": 512,
  "learning_rate": 0.001,
  "final_val_loss": 14.642836212311815,
  "final_val_accuracy": 16.834289926807436
}